{
  "H01N10": {
    "LNHC": {
      "hit": 37,
      "non-hit": 6643,
      "total": 6680,
      "hitPerc": 0.0055389222,
      "totPerc": 0.2025715672,
      "Ehits": 67.0511887433
    },
    "HNLC": {
      "hit": 171,
      "non-hit": 16074,
      "total": 16245,
      "hitPerc": 0.0105263158,
      "totPerc": 0.4926310044,
      "Ehits": 163.0608624454
    },
    "LNLC": {
      "hit": 5,
      "non-hit": 640,
      "total": 645,
      "hitPerc": 0.007751938,
      "totPerc": 0.0195596798,
      "Ehits": 6.4742540029
    },
    "HNHC": {
      "hit": 118,
      "non-hit": 9288,
      "total": 9406,
      "hitPerc": 0.0125451839,
      "totPerc": 0.2852377487,
      "Ehits": 94.4136948083
    }
  },
  "H01N01": {
    "LNHC": {
      "hit": 6,
      "non-hit": 3837,
      "total": 3843,
      "hitPerc": 0.0015612802,
      "totPerc": 0.1165393013,
      "Ehits": 38.5745087336
    },
    "HNLC": {
      "hit": 174,
      "non-hit": 16320,
      "total": 16494,
      "hitPerc": 0.0105492907,
      "totPerc": 0.5001819505,
      "Ehits": 165.5602256186
    },
    "LNLC": {
      "hit": 2,
      "non-hit": 394,
      "total": 396,
      "hitPerc": 0.0050505051,
      "totPerc": 0.0120087336,
      "Ehits": 3.9748908297
    },
    "HNHC": {
      "hit": 149,
      "non-hit": 12094,
      "total": 12243,
      "hitPerc": 0.0121702197,
      "totPerc": 0.3712700146,
      "Ehits": 122.890374818
    }
  },
  "H02N10": {
    "LNHC": {
      "hit": 90,
      "non-hit": 6590,
      "total": 6680,
      "hitPerc": 0.0134730539,
      "totPerc": 0.2025715672,
      "Ehits": 133.8998059195
    },
    "HNLC": {
      "hit": 343,
      "non-hit": 15902,
      "total": 16245,
      "hitPerc": 0.021114189,
      "totPerc": 0.4926310044,
      "Ehits": 325.6290938865
    },
    "LNLC": {
      "hit": 7,
      "non-hit": 638,
      "total": 645,
      "hitPerc": 0.0108527132,
      "totPerc": 0.0195596798,
      "Ehits": 12.9289483261
    },
    "HNHC": {
      "hit": 221,
      "non-hit": 9185,
      "total": 9406,
      "hitPerc": 0.0234956411,
      "totPerc": 0.2852377487,
      "Ehits": 188.542151868
    }
  },
  "H02N01": {
    "LNHC": {
      "hit": 17,
      "non-hit": 3826,
      "total": 3843,
      "hitPerc": 0.0044236274,
      "totPerc": 0.1165393013,
      "Ehits": 77.0324781659
    },
    "HNLC": {
      "hit": 347,
      "non-hit": 16147,
      "total": 16494,
      "hitPerc": 0.0210379532,
      "totPerc": 0.5001819505,
      "Ehits": 330.6202692868
    },
    "LNLC": {
      "hit": 3,
      "non-hit": 393,
      "total": 396,
      "hitPerc": 0.0075757576,
      "totPerc": 0.0120087336,
      "Ehits": 7.9377729258
    },
    "HNHC": {
      "hit": 294,
      "non-hit": 11949,
      "total": 12243,
      "hitPerc": 0.0240137221,
      "totPerc": 0.3712700146,
      "Ehits": 245.4094796215
    }
  },
  "H05N10": {
    "LNHC": {
      "hit": 220,
      "non-hit": 6460,
      "total": 6680,
      "hitPerc": 0.0329341317,
      "totPerc": 0.2025715672,
      "Ehits": 334.8508005822
    },
    "HNLC": {
      "hit": 871,
      "non-hit": 15374,
      "total": 16245,
      "hitPerc": 0.0536164974,
      "totPerc": 0.4926310044,
      "Ehits": 814.3190502183
    },
    "LNLC": {
      "hit": 10,
      "non-hit": 635,
      "total": 645,
      "hitPerc": 0.015503876,
      "totPerc": 0.0195596798,
      "Ehits": 32.332150655
    },
    "HNHC": {
      "hit": 552,
      "non-hit": 8854,
      "total": 9406,
      "hitPerc": 0.0586859451,
      "totPerc": 0.2852377487,
      "Ehits": 471.4979985444
    }
  },
  "H05N01": {
    "LNHC": {
      "hit": 54,
      "non-hit": 3789,
      "total": 3843,
      "hitPerc": 0.0140515222,
      "totPerc": 0.1165393013,
      "Ehits": 192.6394650655
    },
    "HNLC": {
      "hit": 877,
      "non-hit": 15617,
      "total": 16494,
      "hitPerc": 0.05317085,
      "totPerc": 0.5001819505,
      "Ehits": 826.8007641921
    },
    "LNLC": {
      "hit": 4,
      "non-hit": 392,
      "total": 396,
      "hitPerc": 0.0101010101,
      "totPerc": 0.0120087336,
      "Ehits": 19.8504366812
    },
    "HNHC": {
      "hit": 718,
      "non-hit": 11525,
      "total": 12243,
      "hitPerc": 0.0586457568,
      "totPerc": 0.3712700146,
      "Ehits": 613.7093340611
    }
  },
  "H10N10": {
    "LNHC": {
      "hit": 504,
      "non-hit": 6176,
      "total": 6680,
      "hitPerc": 0.0754491018,
      "totPerc": 0.2025715672,
      "Ehits": 675.3736050461
    },
    "HNLC": {
      "hit": 1733,
      "non-hit": 14512,
      "total": 16245,
      "hitPerc": 0.1066789781,
      "totPerc": 0.4926310044,
      "Ehits": 1642.431768559
    },
    "LNLC": {
      "hit": 25,
      "non-hit": 620,
      "total": 645,
      "hitPerc": 0.0387596899,
      "totPerc": 0.0195596798,
      "Ehits": 65.2119723435
    },
    "HNHC": {
      "hit": 1072,
      "non-hit": 8334,
      "total": 9406,
      "hitPerc": 0.1139698065,
      "totPerc": 0.2852377487,
      "Ehits": 950.9826540514
    }
  },
  "H10N01": {
    "LNHC": {
      "hit": 159,
      "non-hit": 3684,
      "total": 3843,
      "hitPerc": 0.0413739266,
      "totPerc": 0.1165393013,
      "Ehits": 388.5420305677
    },
    "HNLC": {
      "hit": 1747,
      "non-hit": 14747,
      "total": 16494,
      "hitPerc": 0.1059173033,
      "totPerc": 0.5001819505,
      "Ehits": 1667.6066229985
    },
    "LNLC": {
      "hit": 11,
      "non-hit": 385,
      "total": 396,
      "hitPerc": 0.0277777778,
      "totPerc": 0.0120087336,
      "Ehits": 40.0371179039
    },
    "HNHC": {
      "hit": 1417,
      "non-hit": 10826,
      "total": 12243,
      "hitPerc": 0.1157396063,
      "totPerc": 0.3712700146,
      "Ehits": 1237.8142285298
    }
  }
}