{
  "H01N10": {
    "LNHC": {
      "hit": 29,
      "non-hit": 4090,
      "total": 4119,
      "hitPerc": 0.0070405438,
      "totPerc": 0.2250204862,
      "Ehits": 42.0788309205
    },
    "HNLC": {
      "hit": 108,
      "non-hit": 8617,
      "total": 8725,
      "hitPerc": 0.0123782235,
      "totPerc": 0.4766457252,
      "Ehits": 89.1327506146
    },
    "LNLC": {
      "hit": 1,
      "non-hit": 427,
      "total": 428,
      "hitPerc": 0.0023364486,
      "totPerc": 0.0233815897,
      "Ehits": 4.3723572794
    },
    "HNHC": {
      "hit": 49,
      "non-hit": 4984,
      "total": 5033,
      "hitPerc": 0.0097357441,
      "totPerc": 0.2749521989,
      "Ehits": 51.4160611855
    }
  },
  "H01N01": {
    "LNHC": {
      "hit": 15,
      "non-hit": 2773,
      "total": 2788,
      "hitPerc": 0.0053802009,
      "totPerc": 0.1523081125,
      "Ehits": 28.4816170445
    },
    "HNLC": {
      "hit": 108,
      "non-hit": 8744,
      "total": 8852,
      "hitPerc": 0.0122006326,
      "totPerc": 0.4835837203,
      "Ehits": 90.4301556952
    },
    "LNLC": {
      "hit": 1,
      "non-hit": 300,
      "total": 301,
      "hitPerc": 0.0033222591,
      "totPerc": 0.0164435946,
      "Ehits": 3.0749521989
    },
    "HNHC": {
      "hit": 63,
      "non-hit": 6301,
      "total": 6364,
      "hitPerc": 0.0098994343,
      "totPerc": 0.3476645725,
      "Ehits": 65.0132750615
    }
  },
  "H02N10": {
    "LNHC": {
      "hit": 53,
      "non-hit": 4066,
      "total": 4119,
      "hitPerc": 0.0128672008,
      "totPerc": 0.2250204862,
      "Ehits": 84.3826823272
    },
    "HNLC": {
      "hit": 216,
      "non-hit": 8509,
      "total": 8725,
      "hitPerc": 0.024756447,
      "totPerc": 0.4766457252,
      "Ehits": 178.7421469544
    },
    "LNLC": {
      "hit": 1,
      "non-hit": 427,
      "total": 428,
      "hitPerc": 0.0023364486,
      "totPerc": 0.0233815897,
      "Ehits": 8.7680961486
    },
    "HNHC": {
      "hit": 105,
      "non-hit": 4928,
      "total": 5033,
      "hitPerc": 0.0208623088,
      "totPerc": 0.2749521989,
      "Ehits": 103.1070745698
    }
  },
  "H02N01": {
    "LNHC": {
      "hit": 30,
      "non-hit": 2758,
      "total": 2788,
      "hitPerc": 0.0107604017,
      "totPerc": 0.1523081125,
      "Ehits": 57.1155422016
    },
    "HNLC": {
      "hit": 216,
      "non-hit": 8636,
      "total": 8852,
      "hitPerc": 0.0244012653,
      "totPerc": 0.4835837203,
      "Ehits": 181.3438951106
    },
    "LNLC": {
      "hit": 1,
      "non-hit": 300,
      "total": 301,
      "hitPerc": 0.0033222591,
      "totPerc": 0.0164435946,
      "Ehits": 6.1663479924
    },
    "HNHC": {
      "hit": 128,
      "non-hit": 6236,
      "total": 6364,
      "hitPerc": 0.0201131364,
      "totPerc": 0.3476645725,
      "Ehits": 130.3742146954
    }
  },
  "H05N10": {
    "LNHC": {
      "hit": 142,
      "non-hit": 3977,
      "total": 4119,
      "hitPerc": 0.034474387,
      "totPerc": 0.2250204862,
      "Ehits": 209.7190931439
    },
    "HNLC": {
      "hit": 525,
      "non-hit": 8200,
      "total": 8725,
      "hitPerc": 0.0601719198,
      "totPerc": 0.4766457252,
      "Ehits": 444.2338158973
    },
    "LNLC": {
      "hit": 4,
      "non-hit": 424,
      "total": 428,
      "hitPerc": 0.0093457944,
      "totPerc": 0.0233815897,
      "Ehits": 21.791641628
    },
    "HNHC": {
      "hit": 261,
      "non-hit": 4772,
      "total": 5033,
      "hitPerc": 0.0518577389,
      "totPerc": 0.2749521989,
      "Ehits": 256.2554493308
    }
  },
  "H05N01": {
    "LNHC": {
      "hit": 75,
      "non-hit": 2713,
      "total": 2788,
      "hitPerc": 0.0269010043,
      "totPerc": 0.1523081125,
      "Ehits": 141.951160885
    },
    "HNLC": {
      "hit": 525,
      "non-hit": 8327,
      "total": 8852,
      "hitPerc": 0.0593086308,
      "totPerc": 0.4835837203,
      "Ehits": 450.7000273149
    },
    "LNLC": {
      "hit": 4,
      "non-hit": 297,
      "total": 301,
      "hitPerc": 0.0132890365,
      "totPerc": 0.0164435946,
      "Ehits": 15.3254302103
    },
    "HNHC": {
      "hit": 328,
      "non-hit": 6036,
      "total": 6364,
      "hitPerc": 0.051539912,
      "totPerc": 0.3476645725,
      "Ehits": 324.0233815897
    }
  },
  "H10N10": {
    "LNHC": {
      "hit": 326,
      "non-hit": 3793,
      "total": 4119,
      "hitPerc": 0.0791454236,
      "totPerc": 0.2250204862,
      "Ehits": 441.7152144223
    },
    "HNLC": {
      "hit": 1070,
      "non-hit": 7655,
      "total": 8725,
      "hitPerc": 0.1226361032,
      "totPerc": 0.4766457252,
      "Ehits": 935.6555585905
    },
    "LNLC": {
      "hit": 20,
      "non-hit": 408,
      "total": 428,
      "hitPerc": 0.046728972,
      "totPerc": 0.0233815897,
      "Ehits": 45.8980606392
    },
    "HNHC": {
      "hit": 547,
      "non-hit": 4486,
      "total": 5033,
      "hitPerc": 0.1086826942,
      "totPerc": 0.2749521989,
      "Ehits": 539.731166348
    }
  },
  "H10N01": {
    "LNHC": {
      "hit": 188,
      "non-hit": 2600,
      "total": 2788,
      "hitPerc": 0.0674318508,
      "totPerc": 0.1523081125,
      "Ehits": 298.9808249112
    },
    "HNLC": {
      "hit": 1077,
      "non-hit": 7775,
      "total": 8852,
      "hitPerc": 0.1216674198,
      "totPerc": 0.4835837203,
      "Ehits": 949.2748429391
    },
    "LNLC": {
      "hit": 13,
      "non-hit": 288,
      "total": 301,
      "hitPerc": 0.0431893688,
      "totPerc": 0.0164435946,
      "Ehits": 32.2787762906
    },
    "HNHC": {
      "hit": 685,
      "non-hit": 5679,
      "total": 6364,
      "hitPerc": 0.1076367065,
      "totPerc": 0.3476645725,
      "Ehits": 682.4655558591
    }
  }
}