{
  "H01N10": {
    "LNHC": {
      "hit": 4043,
      "non-hit": 342087,
      "total": 346130,
      "hitPerc": 0.0116805824,
      "totPerc": 0.4257761037,
      "Ehits": 3469.2236932906
    },
    "HNLC": {
      "hit": 2280,
      "non-hit": 220732,
      "total": 223012,
      "hitPerc": 0.0102236651,
      "totPerc": 0.2743280861,
      "Ehits": 2235.2252456826
    },
    "LNLC": {
      "hit": 776,
      "non-hit": 182682,
      "total": 183458,
      "hitPerc": 0.004229851,
      "totPerc": 0.2256725289,
      "Ehits": 1838.7797657635
    },
    "HNHC": {
      "hit": 1049,
      "non-hit": 59290,
      "total": 60339,
      "hitPerc": 0.0173851075,
      "totPerc": 0.0742232812,
      "Ehits": 604.7712952632
    }
  },
  "H01N01": {
    "LNHC": {
      "hit": 1642,
      "non-hit": 198869,
      "total": 200511,
      "hitPerc": 0.0081890769,
      "totPerc": 0.2466495026,
      "Ehits": 2009.7001472435
    },
    "HNLC": {
      "hit": 2883,
      "non-hit": 310502,
      "total": 313385,
      "hitPerc": 0.0091995469,
      "totPerc": 0.3854963288,
      "Ehits": 3141.0240866781
    },
    "LNLC": {
      "hit": 173,
      "non-hit": 92912,
      "total": 93085,
      "hitPerc": 0.0018585164,
      "totPerc": 0.1145042863,
      "Ehits": 932.980924768
    },
    "HNHC": {
      "hit": 3450,
      "non-hit": 202508,
      "total": 205958,
      "hitPerc": 0.0167509881,
      "totPerc": 0.2533498823,
      "Ehits": 2064.2948413104
    }
  },
  "H02N10": {
    "LNHC": {
      "hit": 7994,
      "non-hit": 338136,
      "total": 346130,
      "hitPerc": 0.0230953688,
      "totPerc": 0.4257761037,
      "Ehits": 6927.377207884
    },
    "HNLC": {
      "hit": 4566,
      "non-hit": 218446,
      "total": 223012,
      "hitPerc": 0.0204742346,
      "totPerc": 0.2743280861,
      "Ehits": 4463.3179611262
    },
    "LNLC": {
      "hit": 1646,
      "non-hit": 181812,
      "total": 183458,
      "hitPerc": 0.0089720808,
      "totPerc": 0.2256725289,
      "Ehits": 3671.6920457747
    },
    "HNHC": {
      "hit": 2064,
      "non-hit": 58275,
      "total": 60339,
      "hitPerc": 0.034206732,
      "totPerc": 0.0742232812,
      "Ehits": 1207.6127852151
    }
  },
  "H02N01": {
    "LNHC": {
      "hit": 3209,
      "non-hit": 197302,
      "total": 200511,
      "hitPerc": 0.0160041095,
      "totPerc": 0.2466495026,
      "Ehits": 4012.9874074193
    },
    "HNLC": {
      "hit": 5832,
      "non-hit": 307553,
      "total": 313385,
      "hitPerc": 0.0186096973,
      "totPerc": 0.3854963288,
      "Ehits": 6272.0252688086
    },
    "LNLC": {
      "hit": 380,
      "non-hit": 92705,
      "total": 93085,
      "hitPerc": 0.0040822904,
      "totPerc": 0.1145042863,
      "Ehits": 1862.9847380923
    },
    "HNHC": {
      "hit": 6849,
      "non-hit": 199109,
      "total": 205958,
      "hitPerc": 0.0332543528,
      "totPerc": 0.2533498823,
      "Ehits": 4122.0025856799
    }
  },
  "H05N10": {
    "LNHC": {
      "hit": 19827,
      "non-hit": 326303,
      "total": 346130,
      "hitPerc": 0.0572819461,
      "totPerc": 0.4257761037,
      "Ehits": 17528.7764149586
    },
    "HNLC": {
      "hit": 11860,
      "non-hit": 211152,
      "total": 223012,
      "hitPerc": 0.0531809947,
      "totPerc": 0.2743280861,
      "Ehits": 11293.8129773575
    },
    "LNLC": {
      "hit": 4623,
      "non-hit": 178835,
      "total": 183458,
      "hitPerc": 0.0251992282,
      "totPerc": 0.2256725289,
      "Ehits": 9290.7123437306
    },
    "HNHC": {
      "hit": 4859,
      "non-hit": 55480,
      "total": 60339,
      "hitPerc": 0.0805283482,
      "totPerc": 0.0742232812,
      "Ehits": 3055.6982639534
    }
  },
  "H05N01": {
    "LNHC": {
      "hit": 7820,
      "non-hit": 192691,
      "total": 200511,
      "hitPerc": 0.0390003541,
      "totPerc": 0.2466495026,
      "Ehits": 10154.3133728361
    },
    "HNLC": {
      "hit": 15360,
      "non-hit": 298025,
      "total": 313385,
      "hitPerc": 0.0490131946,
      "totPerc": 0.3854963288,
      "Ehits": 15870.4983584254
    },
    "LNLC": {
      "hit": 1123,
      "non-hit": 91962,
      "total": 93085,
      "hitPerc": 0.0120642424,
      "totPerc": 0.1145042863,
      "Ehits": 4714.0269626626
    },
    "HNHC": {
      "hit": 16866,
      "non-hit": 189092,
      "total": 205958,
      "hitPerc": 0.0818904825,
      "totPerc": 0.2533498823,
      "Ehits": 10430.1613060759
    }
  },
  "H10N10": {
    "LNHC": {
      "hit": 38722,
      "non-hit": 307408,
      "total": 346130,
      "hitPerc": 0.1118712622,
      "totPerc": 0.4257761037,
      "Ehits": 34927.6911182758
    },
    "HNLC": {
      "hit": 24035,
      "non-hit": 198977,
      "total": 223012,
      "hitPerc": 0.1077744695,
      "totPerc": 0.2743280861,
      "Ehits": 22503.9558884492
    },
    "LNLC": {
      "hit": 10235,
      "non-hit": 173223,
      "total": 183458,
      "hitPerc": 0.055789336,
      "totPerc": 0.2256725289,
      "Ehits": 18512.594566136
    },
    "HNHC": {
      "hit": 9041,
      "non-hit": 51298,
      "total": 60339,
      "hitPerc": 0.1498367557,
      "totPerc": 0.0742232812,
      "Ehits": 6088.7584271391
    }
  },
  "H10N01": {
    "LNHC": {
      "hit": 15752,
      "non-hit": 184759,
      "total": 200511,
      "hitPerc": 0.078559281,
      "totPerc": 0.2466495026,
      "Ehits": 20233.398647377
    },
    "HNLC": {
      "hit": 31657,
      "non-hit": 281728,
      "total": 313385,
      "hitPerc": 0.1010163218,
      "totPerc": 0.3854963288,
      "Ehits": 31623.4203365812
    },
    "LNLC": {
      "hit": 2613,
      "non-hit": 90472,
      "total": 93085,
      "hitPerc": 0.0280711178,
      "totPerc": 0.1145042863,
      "Ehits": 9393.1301180039
    },
    "HNHC": {
      "hit": 32011,
      "non-hit": 173947,
      "total": 205958,
      "hitPerc": 0.1554248925,
      "totPerc": 0.2533498823,
      "Ehits": 20783.0508980379
    }
  }
}