{
  "H01N10": {
    "LNHC": {
      "hit": 2575,
      "non-hit": 202999,
      "total": 205574,
      "hitPerc": 0.0125259031,
      "totPerc": 0.4316170048,
      "Ehits": 2061.4028151035
    },
    "HNLC": {
      "hit": 1277,
      "non-hit": 137804,
      "total": 139081,
      "hitPerc": 0.0091816999,
      "totPerc": 0.2920102963,
      "Ehits": 1394.6411750873
    },
    "LNLC": {
      "hit": 378,
      "non-hit": 98686,
      "total": 99064,
      "hitPerc": 0.0038157151,
      "totPerc": 0.2079918033,
      "Ehits": 993.368852459
    },
    "HNHC": {
      "hit": 546,
      "non-hit": 32023,
      "total": 32569,
      "hitPerc": 0.0167644079,
      "totPerc": 0.0683808956,
      "Ehits": 326.5871573502
    }
  },
  "H01N01": {
    "LNHC": {
      "hit": 1079,
      "non-hit": 131947,
      "total": 133026,
      "hitPerc": 0.0081111963,
      "totPerc": 0.2792973999,
      "Ehits": 1333.9243818866
    },
    "HNLC": {
      "hit": 1589,
      "non-hit": 189608,
      "total": 191197,
      "hitPerc": 0.0083107999,
      "totPerc": 0.4014314868,
      "Ehits": 1917.2367811072
    },
    "LNLC": {
      "hit": 66,
      "non-hit": 46882,
      "total": 46948,
      "hitPerc": 0.0014058107,
      "totPerc": 0.0985706127,
      "Ehits": 470.7732464391
    },
    "HNHC": {
      "hit": 2042,
      "non-hit": 103075,
      "total": 105117,
      "hitPerc": 0.019425973,
      "totPerc": 0.2207005005,
      "Ehits": 1054.0655905671
    }
  },
  "H02N10": {
    "LNHC": {
      "hit": 4995,
      "non-hit": 200579,
      "total": 205574,
      "hitPerc": 0.0242978198,
      "totPerc": 0.4316170048,
      "Ehits": 4115.8997581295
    },
    "HNLC": {
      "hit": 2633,
      "non-hit": 136448,
      "total": 139081,
      "hitPerc": 0.0189314141,
      "totPerc": 0.2920102963,
      "Ehits": 2784.610185434
    },
    "LNLC": {
      "hit": 844,
      "non-hit": 98220,
      "total": 99064,
      "hitPerc": 0.0085197448,
      "totPerc": 0.2079918033,
      "Ehits": 1983.4098360656
    },
    "HNHC": {
      "hit": 1064,
      "non-hit": 31505,
      "total": 32569,
      "hitPerc": 0.0326691025,
      "totPerc": 0.0683808956,
      "Ehits": 652.0802203709
    }
  },
  "H02N01": {
    "LNHC": {
      "hit": 2126,
      "non-hit": 130900,
      "total": 133026,
      "hitPerc": 0.0159818381,
      "totPerc": 0.2792973999,
      "Ehits": 2663.3800053749
    },
    "HNLC": {
      "hit": 3340,
      "non-hit": 187857,
      "total": 191197,
      "hitPerc": 0.0174688933,
      "totPerc": 0.4014314868,
      "Ehits": 3828.0506584252
    },
    "LNLC": {
      "hit": 137,
      "non-hit": 46811,
      "total": 46948,
      "hitPerc": 0.0029181222,
      "totPerc": 0.0985706127,
      "Ehits": 939.9693630744
    },
    "HNHC": {
      "hit": 3933,
      "non-hit": 101184,
      "total": 105117,
      "hitPerc": 0.0374154514,
      "totPerc": 0.2207005005,
      "Ehits": 2104.5999731255
    }
  },
  "H05N10": {
    "LNHC": {
      "hit": 12323,
      "non-hit": 193251,
      "total": 205574,
      "hitPerc": 0.0599443509,
      "totPerc": 0.4316170048,
      "Ehits": 10543.9718111731
    },
    "HNLC": {
      "hit": 7011,
      "non-hit": 132070,
      "total": 139081,
      "hitPerc": 0.0504094736,
      "totPerc": 0.2920102963,
      "Ehits": 7133.5195281006
    },
    "LNLC": {
      "hit": 2482,
      "non-hit": 96582,
      "total": 99064,
      "hitPerc": 0.0250545102,
      "totPerc": 0.2079918033,
      "Ehits": 5081.0317622951
    },
    "HNHC": {
      "hit": 2613,
      "non-hit": 29956,
      "total": 32569,
      "hitPerc": 0.0802296662,
      "totPerc": 0.0683808956,
      "Ehits": 1670.4768984312
    }
  },
  "H05N01": {
    "LNHC": {
      "hit": 5359,
      "non-hit": 127667,
      "total": 133026,
      "hitPerc": 0.0402853577,
      "totPerc": 0.2792973999,
      "Ehits": 6822.9561819739
    },
    "HNLC": {
      "hit": 9044,
      "non-hit": 182153,
      "total": 191197,
      "hitPerc": 0.0473019974,
      "totPerc": 0.4014314868,
      "Ehits": 9806.5697918066
    },
    "LNLC": {
      "hit": 449,
      "non-hit": 46499,
      "total": 46948,
      "hitPerc": 0.0095637727,
      "totPerc": 0.0985706127,
      "Ehits": 2407.9814985891
    },
    "HNHC": {
      "hit": 9577,
      "non-hit": 95540,
      "total": 105117,
      "hitPerc": 0.0911080035,
      "totPerc": 0.2207005005,
      "Ehits": 5391.4925276303
    }
  },
  "H10N10": {
    "LNHC": {
      "hit": 23686,
      "non-hit": 181888,
      "total": 205574,
      "hitPerc": 0.1152188506,
      "totPerc": 0.4316170048,
      "Ehits": 21068.5208571285
    },
    "HNLC": {
      "hit": 14472,
      "non-hit": 124609,
      "total": 139081,
      "hitPerc": 0.1040544719,
      "totPerc": 0.2920102963,
      "Ehits": 14253.8985928682
    },
    "LNLC": {
      "hit": 5564,
      "non-hit": 93500,
      "total": 99064,
      "hitPerc": 0.0561657111,
      "totPerc": 0.2079918033,
      "Ehits": 10152.7038934426
    },
    "HNHC": {
      "hit": 5091,
      "non-hit": 27478,
      "total": 32569,
      "hitPerc": 0.1563142866,
      "totPerc": 0.0683808956,
      "Ehits": 3337.8766565607
    }
  },
  "H10N01": {
    "LNHC": {
      "hit": 10621,
      "non-hit": 122405,
      "total": 133026,
      "hitPerc": 0.0798415347,
      "totPerc": 0.2792973999,
      "Ehits": 13633.3439809527
    },
    "HNLC": {
      "hit": 18899,
      "non-hit": 172298,
      "total": 191197,
      "hitPerc": 0.0988456932,
      "totPerc": 0.4014314868,
      "Ehits": 19595.0751667059
    },
    "LNLC": {
      "hit": 1137,
      "non-hit": 45811,
      "total": 46948,
      "hitPerc": 0.0242182841,
      "totPerc": 0.0985706127,
      "Ehits": 4811.5273196049
    },
    "HNHC": {
      "hit": 18156,
      "non-hit": 86961,
      "total": 105117,
      "hitPerc": 0.1727218243,
      "totPerc": 0.2207005005,
      "Ehits": 10773.0535327365
    }
  }
}