{
  "H01N10": {
    "LNHC": {
      "hit": 1766,
      "non-hit": 140941,
      "total": 142707,
      "hitPerc": 0.0123750061,
      "totPerc": 0.4354062168,
      "Ehits": 1453.8213579614
    },
    "HNLC": {
      "hit": 940,
      "non-hit": 94280,
      "total": 95220,
      "hitPerc": 0.0098718757,
      "totPerc": 0.2905209973,
      "Ehits": 970.0496100758
    },
    "LNLC": {
      "hit": 287,
      "non-hit": 68394,
      "total": 68681,
      "hitPerc": 0.0041787394,
      "totPerc": 0.2095491768,
      "Ehits": 699.6847014242
    },
    "HNHC": {
      "hit": 346,
      "non-hit": 20802,
      "total": 21148,
      "hitPerc": 0.0163608852,
      "totPerc": 0.064523609,
      "Ehits": 215.4443305386
    }
  },
  "H01N01": {
    "LNHC": {
      "hit": 757,
      "non-hit": 101510,
      "total": 102267,
      "hitPerc": 0.0074021923,
      "totPerc": 0.3120217479,
      "Ehits": 1041.8406161901
    },
    "HNLC": {
      "hit": 1182,
      "non-hit": 127050,
      "total": 128232,
      "hitPerc": 0.009217668,
      "totPerc": 0.3912422656,
      "Ehits": 1306.3579247977
    },
    "LNLC": {
      "hit": 45,
      "non-hit": 35624,
      "total": 35669,
      "hitPerc": 0.0012615997,
      "totPerc": 0.1088279086,
      "Ehits": 363.3763867023
    },
    "HNHC": {
      "hit": 1355,
      "non-hit": 60233,
      "total": 61588,
      "hitPerc": 0.0220010392,
      "totPerc": 0.187908078,
      "Ehits": 627.4250723099
    }
  },
  "H02N10": {
    "LNHC": {
      "hit": 3402,
      "non-hit": 139305,
      "total": 142707,
      "hitPerc": 0.0238390548,
      "totPerc": 0.4354062168,
      "Ehits": 2876.2934683118
    },
    "HNLC": {
      "hit": 1875,
      "non-hit": 93345,
      "total": 95220,
      "hitPerc": 0.0196912413,
      "totPerc": 0.2905209973,
      "Ehits": 1919.181708344
    },
    "LNLC": {
      "hit": 622,
      "non-hit": 68059,
      "total": 68681,
      "hitPerc": 0.009056362,
      "totPerc": 0.2095491768,
      "Ehits": 1384.2818621169
    },
    "HNHC": {
      "hit": 707,
      "non-hit": 20441,
      "total": 21148,
      "hitPerc": 0.0334310573,
      "totPerc": 0.064523609,
      "Ehits": 426.2429612273
    }
  },
  "H02N01": {
    "LNHC": {
      "hit": 1536,
      "non-hit": 100731,
      "total": 102267,
      "hitPerc": 0.0150195078,
      "totPerc": 0.3120217479,
      "Ehits": 2061.2156665324
    },
    "HNLC": {
      "hit": 2398,
      "non-hit": 125834,
      "total": 128232,
      "hitPerc": 0.0187004804,
      "totPerc": 0.3912422656,
      "Ehits": 2584.5464064731
    },
    "LNLC": {
      "hit": 99,
      "non-hit": 35570,
      "total": 35669,
      "hitPerc": 0.0027755194,
      "totPerc": 0.1088279086,
      "Ehits": 718.9171639878
    },
    "HNHC": {
      "hit": 2573,
      "non-hit": 59015,
      "total": 61588,
      "hitPerc": 0.041777619,
      "totPerc": 0.187908078,
      "Ehits": 1241.3207630066
    }
  },
  "H05N10": {
    "LNHC": {
      "hit": 8381,
      "non-hit": 134326,
      "total": 142707,
      "hitPerc": 0.0587287239,
      "totPerc": 0.4354062168,
      "Ehits": 7330.4990663786
    },
    "HNLC": {
      "hit": 4887,
      "non-hit": 90333,
      "total": 95220,
      "hitPerc": 0.0513232514,
      "totPerc": 0.2905209973,
      "Ehits": 4891.2115110021
    },
    "LNLC": {
      "hit": 1794,
      "non-hit": 66887,
      "total": 68681,
      "hitPerc": 0.0261207612,
      "totPerc": 0.2095491768,
      "Ehits": 3527.9699410537
    },
    "HNHC": {
      "hit": 1774,
      "non-hit": 19374,
      "total": 21148,
      "hitPerc": 0.0838850009,
      "totPerc": 0.064523609,
      "Ehits": 1086.3194815656
    }
  },
  "H05N01": {
    "LNHC": {
      "hit": 3971,
      "non-hit": 98296,
      "total": 102267,
      "hitPerc": 0.03882973,
      "totPerc": 0.3120217479,
      "Ehits": 5253.1981474023
    },
    "HNLC": {
      "hit": 6331,
      "non-hit": 121901,
      "total": 128232,
      "hitPerc": 0.0493714517,
      "totPerc": 0.3912422656,
      "Ehits": 6586.9547834365
    },
    "LNLC": {
      "hit": 350,
      "non-hit": 35319,
      "total": 35669,
      "hitPerc": 0.0098124422,
      "totPerc": 0.1088279086,
      "Ehits": 1832.2266686193
    },
    "HNHC": {
      "hit": 6184,
      "non-hit": 55404,
      "total": 61588,
      "hitPerc": 0.1004091706,
      "totPerc": 0.187908078,
      "Ehits": 3163.6204005419
    }
  },
  "H10N10": {
    "LNHC": {
      "hit": 16335,
      "non-hit": 126372,
      "total": 142707,
      "hitPerc": 0.114465303,
      "totPerc": 0.4354062168,
      "Ehits": 14595.2517940175
    },
    "HNLC": {
      "hit": 9896,
      "non-hit": 85324,
      "total": 95220,
      "hitPerc": 0.1039277463,
      "totPerc": 0.2905209973,
      "Ehits": 9738.5543514078
    },
    "LNLC": {
      "hit": 3950,
      "non-hit": 64731,
      "total": 68681,
      "hitPerc": 0.0575122669,
      "totPerc": 0.2095491768,
      "Ehits": 7024.2979564066
    },
    "HNHC": {
      "hit": 3340,
      "non-hit": 17808,
      "total": 21148,
      "hitPerc": 0.1579345565,
      "totPerc": 0.064523609,
      "Ehits": 2162.8958981681
    }
  },
  "H10N01": {
    "LNHC": {
      "hit": 8321,
      "non-hit": 93946,
      "total": 102267,
      "hitPerc": 0.0813654454,
      "totPerc": 0.3120217479,
      "Ehits": 10459.2810108739
    },
    "HNLC": {
      "hit": 12928,
      "non-hit": 115304,
      "total": 128232,
      "hitPerc": 0.1008172687,
      "totPerc": 0.3912422656,
      "Ehits": 13114.8319847692
    },
    "LNLC": {
      "hit": 918,
      "non-hit": 34751,
      "total": 35669,
      "hitPerc": 0.0257366341,
      "totPerc": 0.1088279086,
      "Ehits": 3648.0203230452
    },
    "HNHC": {
      "hit": 11354,
      "non-hit": 50234,
      "total": 61588,
      "hitPerc": 0.184354095,
      "totPerc": 0.187908078,
      "Ehits": 6298.8666813117
    }
  }
}