{
  "H01N10": {
    "LNHC": {
      "hit": 300,
      "non-hit": 17810,
      "total": 18110,
      "hitPerc": 0.0165654335,
      "totPerc": 0.1859247472,
      "Ehits": 182.7640264873
    },
    "HNLC": {
      "hit": 263,
      "non-hit": 46556,
      "total": 46819,
      "hitPerc": 0.0056173776,
      "totPerc": 0.4806632103,
      "Ehits": 472.4919357323
    },
    "LNLC": {
      "hit": 1,
      "non-hit": 1943,
      "total": 1944,
      "hitPerc": 0.0005144033,
      "totPerc": 0.0199579077,
      "Ehits": 19.618623274
    },
    "HNHC": {
      "hit": 419,
      "non-hit": 30113,
      "total": 30532,
      "hitPerc": 0.0137233067,
      "totPerc": 0.3134541348,
      "Ehits": 308.1254145064
    }
  },
  "H01N01": {
    "LNHC": {
      "hit": 53,
      "non-hit": 4686,
      "total": 4739,
      "hitPerc": 0.011183794,
      "totPerc": 0.0486525332,
      "Ehits": 47.8254401725
    },
    "HNLC": {
      "hit": 264,
      "non-hit": 47982,
      "total": 48246,
      "hitPerc": 0.0054719562,
      "totPerc": 0.4953133823,
      "Ehits": 486.8930547713
    },
    "LNLC": {
      "hit": 0,
      "non-hit": 517,
      "total": 517,
      "hitPerc": 0.0,
      "totPerc": 0.0053077357,
      "Ehits": 5.2175042349
    },
    "HNHC": {
      "hit": 666,
      "non-hit": 43237,
      "total": 43903,
      "hitPerc": 0.0151698062,
      "totPerc": 0.4507263488,
      "Ehits": 443.0640008213
    }
  },
  "H02N10": {
    "LNHC": {
      "hit": 569,
      "non-hit": 17541,
      "total": 18110,
      "hitPerc": 0.0314191055,
      "totPerc": 0.1859247472,
      "Ehits": 364.7843539859
    },
    "HNLC": {
      "hit": 540,
      "non-hit": 46279,
      "total": 46819,
      "hitPerc": 0.011533779,
      "totPerc": 0.4806632103,
      "Ehits": 943.0612186233
    },
    "LNLC": {
      "hit": 5,
      "non-hit": 1939,
      "total": 1944,
      "hitPerc": 0.0025720165,
      "totPerc": 0.0199579077,
      "Ehits": 39.1574149171
    },
    "HNHC": {
      "hit": 848,
      "non-hit": 29684,
      "total": 30532,
      "hitPerc": 0.0277741386,
      "totPerc": 0.3134541348,
      "Ehits": 614.9970124737
    }
  },
  "H02N01": {
    "LNHC": {
      "hit": 90,
      "non-hit": 4649,
      "total": 4739,
      "hitPerc": 0.0189913484,
      "totPerc": 0.0486525332,
      "Ehits": 95.456270212
    },
    "HNLC": {
      "hit": 544,
      "non-hit": 47702,
      "total": 48246,
      "hitPerc": 0.0112755462,
      "totPerc": 0.4953133823,
      "Ehits": 971.8048560136
    },
    "LNLC": {
      "hit": 1,
      "non-hit": 516,
      "total": 517,
      "hitPerc": 0.001934236,
      "totPerc": 0.0053077357,
      "Ehits": 10.4137775268
    },
    "HNHC": {
      "hit": 1327,
      "non-hit": 42576,
      "total": 43903,
      "hitPerc": 0.0302257249,
      "totPerc": 0.4507263488,
      "Ehits": 884.3250962476
    }
  },
  "H05N10": {
    "LNHC": {
      "hit": 1269,
      "non-hit": 16841,
      "total": 18110,
      "hitPerc": 0.0700717835,
      "totPerc": 0.1859247472,
      "Ehits": 914.9356809199
    },
    "HNLC": {
      "hit": 1582,
      "non-hit": 45237,
      "total": 46819,
      "hitPerc": 0.0337897008,
      "totPerc": 0.4806632103,
      "Ehits": 2365.3436579231
    },
    "LNLC": {
      "hit": 13,
      "non-hit": 1931,
      "total": 1944,
      "hitPerc": 0.0066872428,
      "totPerc": 0.0199579077,
      "Ehits": 98.212863816
    },
    "HNHC": {
      "hit": 2057,
      "non-hit": 28475,
      "total": 30532,
      "hitPerc": 0.0673719376,
      "totPerc": 0.3134541348,
      "Ehits": 1542.507797341
    }
  },
  "H05N01": {
    "LNHC": {
      "hit": 208,
      "non-hit": 4531,
      "total": 4739,
      "hitPerc": 0.0438911163,
      "totPerc": 0.0486525332,
      "Ehits": 239.4191160618
    },
    "HNLC": {
      "hit": 1594,
      "non-hit": 46652,
      "total": 48246,
      "hitPerc": 0.0330390084,
      "totPerc": 0.4953133823,
      "Ehits": 2437.4371541502
    },
    "LNLC": {
      "hit": 1,
      "non-hit": 516,
      "total": 517,
      "hitPerc": 0.001934236,
      "totPerc": 0.0053077357,
      "Ehits": 26.1193675889
    },
    "HNHC": {
      "hit": 3118,
      "non-hit": 40785,
      "total": 43903,
      "hitPerc": 0.0710202036,
      "totPerc": 0.4507263488,
      "Ehits": 2218.0243621991
    }
  },
  "H10N10": {
    "LNHC": {
      "hit": 2357,
      "non-hit": 15753,
      "total": 18110,
      "hitPerc": 0.1301490889,
      "totPerc": 0.1859247472,
      "Ehits": 1848.2779118115
    },
    "HNLC": {
      "hit": 3474,
      "non-hit": 43345,
      "total": 46819,
      "hitPerc": 0.074200645,
      "totPerc": 0.4806632103,
      "Ehits": 4778.2729736666
    },
    "LNLC": {
      "hit": 37,
      "non-hit": 1907,
      "total": 1944,
      "hitPerc": 0.0190329218,
      "totPerc": 0.0199579077,
      "Ehits": 198.4015604948
    },
    "HNHC": {
      "hit": 4073,
      "non-hit": 26459,
      "total": 30532,
      "hitPerc": 0.1334010219,
      "totPerc": 0.3134541348,
      "Ehits": 3116.047554027
    }
  },
  "H10N01": {
    "LNHC": {
      "hit": 407,
      "non-hit": 4332,
      "total": 4739,
      "hitPerc": 0.0858830977,
      "totPerc": 0.0486525332,
      "Ehits": 483.6548329141
    },
    "HNLC": {
      "hit": 3509,
      "non-hit": 44737,
      "total": 48246,
      "hitPerc": 0.0727314181,
      "totPerc": 0.4953133823,
      "Ehits": 4923.9103331451
    },
    "LNLC": {
      "hit": 2,
      "non-hit": 515,
      "total": 517,
      "hitPerc": 0.003868472,
      "totPerc": 0.0053077357,
      "Ehits": 52.7642010164
    },
    "HNHC": {
      "hit": 6023,
      "non-hit": 37880,
      "total": 43903,
      "hitPerc": 0.1371888026,
      "totPerc": 0.4507263488,
      "Ehits": 4480.6706329244
    }
  }
}