{
  "H01N10": {
    "LNHC": {
      "hit": 421,
      "non-hit": 31235,
      "total": 31656,
      "hitPerc": 0.0132992166,
      "totPerc": 0.2005587973,
      "Ehits": 318.0862524471
    },
    "HNLC": {
      "hit": 546,
      "non-hit": 76037,
      "total": 76583,
      "hitPerc": 0.0071295196,
      "totPerc": 0.4851969412,
      "Ehits": 769.5223487224
    },
    "LNLC": {
      "hit": 14,
      "non-hit": 2323,
      "total": 2337,
      "hitPerc": 0.0059905862,
      "totPerc": 0.0148062266,
      "Ehits": 23.4826753844
    },
    "HNHC": {
      "hit": 605,
      "non-hit": 46658,
      "total": 47263,
      "hitPerc": 0.0128007109,
      "totPerc": 0.299438035,
      "Ehits": 474.908723446
    }
  },
  "H01N01": {
    "LNHC": {
      "hit": 78,
      "non-hit": 8205,
      "total": 8283,
      "hitPerc": 0.0094168779,
      "totPerc": 0.0524775246,
      "Ehits": 83.2293539619
    },
    "HNLC": {
      "hit": 559,
      "non-hit": 77905,
      "total": 78464,
      "hitPerc": 0.0071242863,
      "totPerc": 0.497114148,
      "Ehits": 788.423038666
    },
    "LNLC": {
      "hit": 1,
      "non-hit": 455,
      "total": 456,
      "hitPerc": 0.0021929825,
      "totPerc": 0.0028890198,
      "Ehits": 4.5819854409
    },
    "HNHC": {
      "hit": 948,
      "non-hit": 69688,
      "total": 70636,
      "hitPerc": 0.0134209185,
      "totPerc": 0.4475193076,
      "Ehits": 709.7656219312
    }
  },
  "H02N10": {
    "LNHC": {
      "hit": 807,
      "non-hit": 30849,
      "total": 31656,
      "hitPerc": 0.0254927976,
      "totPerc": 0.2005587973,
      "Ehits": 640.3842396366
    },
    "HNLC": {
      "hit": 1138,
      "non-hit": 75445,
      "total": 76583,
      "hitPerc": 0.0148596947,
      "totPerc": 0.4851969412,
      "Ehits": 1549.2338332098
    },
    "LNLC": {
      "hit": 24,
      "non-hit": 2313,
      "total": 2337,
      "hitPerc": 0.0102695764,
      "totPerc": 0.0148062266,
      "Ehits": 47.2762815274
    },
    "HNHC": {
      "hit": 1224,
      "non-hit": 46039,
      "total": 47263,
      "hitPerc": 0.0258976366,
      "totPerc": 0.299438035,
      "Ehits": 956.1056456262
    }
  },
  "H02N01": {
    "LNHC": {
      "hit": 155,
      "non-hit": 8128,
      "total": 8283,
      "hitPerc": 0.0187130267,
      "totPerc": 0.0524775246,
      "Ehits": 167.5607359398
    },
    "HNLC": {
      "hit": 1159,
      "non-hit": 77305,
      "total": 78464,
      "hitPerc": 0.0147711052,
      "totPerc": 0.497114148,
      "Ehits": 1587.2854744391
    },
    "LNLC": {
      "hit": 3,
      "non-hit": 453,
      "total": 456,
      "hitPerc": 0.0065789474,
      "totPerc": 0.0028890198,
      "Ehits": 9.224640298
    },
    "HNHC": {
      "hit": 1876,
      "non-hit": 68760,
      "total": 70636,
      "hitPerc": 0.0265586953,
      "totPerc": 0.4475193076,
      "Ehits": 1428.929149323
    }
  },
  "H05N10": {
    "LNHC": {
      "hit": 1900,
      "non-hit": 29756,
      "total": 31656,
      "hitPerc": 0.0600202173,
      "totPerc": 0.2005587973,
      "Ehits": 1608.8826715831
    },
    "HNLC": {
      "hit": 2970,
      "non-hit": 73613,
      "total": 76583,
      "hitPerc": 0.0387814528,
      "totPerc": 0.4851969412,
      "Ehits": 3892.2498622014
    },
    "LNLC": {
      "hit": 53,
      "non-hit": 2284,
      "total": 2337,
      "hitPerc": 0.0226786478,
      "totPerc": 0.0148062266,
      "Ehits": 118.7755497691
    },
    "HNHC": {
      "hit": 3099,
      "non-hit": 44164,
      "total": 47263,
      "hitPerc": 0.0655692614,
      "totPerc": 0.299438035,
      "Ehits": 2402.0919164465
    }
  },
  "H05N01": {
    "LNHC": {
      "hit": 357,
      "non-hit": 7926,
      "total": 8283,
      "hitPerc": 0.043100326,
      "totPerc": 0.0524775246,
      "Ehits": 420.9747020698
    },
    "HNLC": {
      "hit": 3013,
      "non-hit": 75451,
      "total": 78464,
      "hitPerc": 0.0383997757,
      "totPerc": 0.497114148,
      "Ehits": 3987.8496949423
    },
    "LNLC": {
      "hit": 10,
      "non-hit": 446,
      "total": 456,
      "hitPerc": 0.0219298246,
      "totPerc": 0.0028890198,
      "Ehits": 23.1757170281
    },
    "HNHC": {
      "hit": 4642,
      "non-hit": 65994,
      "total": 70636,
      "hitPerc": 0.065717198,
      "totPerc": 0.4475193076,
      "Ehits": 3589.9998859597
    }
  },
  "H10N10": {
    "LNHC": {
      "hit": 3595,
      "non-hit": 28061,
      "total": 31656,
      "hitPerc": 0.1135645691,
      "totPerc": 0.2005587973,
      "Ehits": 3172.8401725809
    },
    "HNLC": {
      "hit": 6169,
      "non-hit": 70414,
      "total": 76583,
      "hitPerc": 0.0805531254,
      "totPerc": 0.4851969412,
      "Ehits": 7675.8156095768
    },
    "LNLC": {
      "hit": 95,
      "non-hit": 2242,
      "total": 2337,
      "hitPerc": 0.0406504065,
      "totPerc": 0.0148062266,
      "Ehits": 234.2345047802
    },
    "HNHC": {
      "hit": 5961,
      "non-hit": 41302,
      "total": 47263,
      "hitPerc": 0.1261240294,
      "totPerc": 0.299438035,
      "Ehits": 4737.109713062
    }
  },
  "H10N01": {
    "LNHC": {
      "hit": 660,
      "non-hit": 7623,
      "total": 8283,
      "hitPerc": 0.0796812749,
      "totPerc": 0.0524775246,
      "Ehits": 830.1944386368
    },
    "HNLC": {
      "hit": 6249,
      "non-hit": 72215,
      "total": 78464,
      "hitPerc": 0.0796416191,
      "totPerc": 0.497114148,
      "Ehits": 7864.3458207414
    },
    "LNLC": {
      "hit": 15,
      "non-hit": 441,
      "total": 456,
      "hitPerc": 0.0328947368,
      "totPerc": 0.0028890198,
      "Ehits": 45.7042936156
    },
    "HNHC": {
      "hit": 8896,
      "non-hit": 61740,
      "total": 70636,
      "hitPerc": 0.1259414463,
      "totPerc": 0.4475193076,
      "Ehits": 7079.7554470061
    }
  }
}