{
  "H01N10": {
    "LNHC": {
      "hit": 201,
      "non-hit": 13296,
      "total": 13497,
      "hitPerc": 0.0148921983,
      "totPerc": 0.2142653035,
      "Ehits": 136.0584677419
    },
    "HNLC": {
      "hit": 165,
      "non-hit": 29847,
      "total": 30012,
      "hitPerc": 0.0054978009,
      "totPerc": 0.4764414529,
      "Ehits": 302.5403225806
    },
    "LNLC": {
      "hit": 1,
      "non-hit": 1486,
      "total": 1487,
      "hitPerc": 0.000672495,
      "totPerc": 0.0236061722,
      "Ehits": 14.9899193548
    },
    "HNHC": {
      "hit": 268,
      "non-hit": 17728,
      "total": 17996,
      "hitPerc": 0.0148921983,
      "totPerc": 0.2856870714,
      "Ehits": 181.4112903226
    }
  },
  "H01N01": {
    "LNHC": {
      "hit": 44,
      "non-hit": 4527,
      "total": 4571,
      "hitPerc": 0.0096259024,
      "totPerc": 0.0725647701,
      "Ehits": 46.0786290323
    },
    "HNLC": {
      "hit": 166,
      "non-hit": 30814,
      "total": 30980,
      "hitPerc": 0.0053582957,
      "totPerc": 0.4918084836,
      "Ehits": 312.2983870968
    },
    "LNLC": {
      "hit": 0,
      "non-hit": 519,
      "total": 519,
      "hitPerc": 0.0,
      "totPerc": 0.0082391415,
      "Ehits": 5.2318548387
    },
    "HNHC": {
      "hit": 425,
      "non-hit": 26497,
      "total": 26922,
      "hitPerc": 0.0157863457,
      "totPerc": 0.4273876048,
      "Ehits": 271.3911290323
    }
  },
  "H02N10": {
    "LNHC": {
      "hit": 365,
      "non-hit": 13132,
      "total": 13497,
      "hitPerc": 0.0270430466,
      "totPerc": 0.2142653035,
      "Ehits": 273.1882620015
    },
    "HNLC": {
      "hit": 381,
      "non-hit": 29631,
      "total": 30012,
      "hitPerc": 0.012694922,
      "totPerc": 0.4764414529,
      "Ehits": 607.4628524257
    },
    "LNLC": {
      "hit": 5,
      "non-hit": 1482,
      "total": 1487,
      "hitPerc": 0.0033624748,
      "totPerc": 0.0236061722,
      "Ehits": 30.0978695707
    },
    "HNHC": {
      "hit": 524,
      "non-hit": 17472,
      "total": 17996,
      "hitPerc": 0.0291175817,
      "totPerc": 0.2856870714,
      "Ehits": 364.251016002
    }
  },
  "H02N01": {
    "LNHC": {
      "hit": 91,
      "non-hit": 4480,
      "total": 4571,
      "hitPerc": 0.0199081164,
      "totPerc": 0.0725647701,
      "Ehits": 92.5200819152
    },
    "HNLC": {
      "hit": 386,
      "non-hit": 30594,
      "total": 30980,
      "hitPerc": 0.0124596514,
      "totPerc": 0.4918084836,
      "Ehits": 627.0558166116
    },
    "LNLC": {
      "hit": 0,
      "non-hit": 519,
      "total": 519,
      "hitPerc": 0.0,
      "totPerc": 0.0082391415,
      "Ehits": 10.5049053848
    },
    "HNHC": {
      "hit": 798,
      "non-hit": 26124,
      "total": 26922,
      "hitPerc": 0.0296411856,
      "totPerc": 0.4273876048,
      "Ehits": 544.9191960884
    }
  },
  "H05N10": {
    "LNHC": {
      "hit": 890,
      "non-hit": 12607,
      "total": 13497,
      "hitPerc": 0.0659405794,
      "totPerc": 0.2142653035,
      "Ehits": 681.5779305309
    },
    "HNLC": {
      "hit": 1028,
      "non-hit": 28984,
      "total": 30012,
      "hitPerc": 0.0342529655,
      "totPerc": 0.4764414529,
      "Ehits": 1515.5602616205
    },
    "LNLC": {
      "hit": 11,
      "non-hit": 1476,
      "total": 1487,
      "hitPerc": 0.0073974445,
      "totPerc": 0.0236061722,
      "Ehits": 75.0912338075
    },
    "HNHC": {
      "hit": 1252,
      "non-hit": 16744,
      "total": 17996,
      "hitPerc": 0.0695710158,
      "totPerc": 0.2856870714,
      "Ehits": 908.7705740411
    }
  },
  "H05N01": {
    "LNHC": {
      "hit": 211,
      "non-hit": 4360,
      "total": 4571,
      "hitPerc": 0.0461605776,
      "totPerc": 0.0725647701,
      "Ehits": 230.8285337821
    },
    "HNLC": {
      "hit": 1039,
      "non-hit": 29941,
      "total": 30980,
      "hitPerc": 0.0335377663,
      "totPerc": 0.4918084836,
      "Ehits": 1564.4427863856
    },
    "LNLC": {
      "hit": 0,
      "non-hit": 519,
      "total": 519,
      "hitPerc": 0.0,
      "totPerc": 0.0082391415,
      "Ehits": 26.2087090424
    },
    "HNHC": {
      "hit": 1931,
      "non-hit": 24991,
      "total": 26922,
      "hitPerc": 0.0717257262,
      "totPerc": 0.4273876048,
      "Ehits": 1359.5199707899
    }
  },
  "H10N10": {
    "LNHC": {
      "hit": 1655,
      "non-hit": 11842,
      "total": 13497,
      "hitPerc": 0.1226198414,
      "totPerc": 0.2142653035,
      "Ehits": 1356.7279019558
    },
    "HNLC": {
      "hit": 2166,
      "non-hit": 27846,
      "total": 30012,
      "hitPerc": 0.0721711315,
      "totPerc": 0.4764414529,
      "Ehits": 3016.8272796546
    },
    "LNLC": {
      "hit": 34,
      "non-hit": 1453,
      "total": 1487,
      "hitPerc": 0.0228648285,
      "totPerc": 0.0236061722,
      "Ehits": 149.4742824486
    },
    "HNHC": {
      "hit": 2477,
      "non-hit": 15519,
      "total": 17996,
      "hitPerc": 0.1376416982,
      "totPerc": 0.2856870714,
      "Ehits": 1808.9705359411
    }
  },
  "H10N01": {
    "LNHC": {
      "hit": 395,
      "non-hit": 4176,
      "total": 4571,
      "hitPerc": 0.0864143513,
      "totPerc": 0.0725647701,
      "Ehits": 459.4801244602
    },
    "HNLC": {
      "hit": 2197,
      "non-hit": 28783,
      "total": 30980,
      "hitPerc": 0.0709167205,
      "totPerc": 0.4918084836,
      "Ehits": 3114.1313182626
    },
    "LNLC": {
      "hit": 3,
      "non-hit": 516,
      "total": 519,
      "hitPerc": 0.0057803468,
      "totPerc": 0.0082391415,
      "Ehits": 52.1702438405
    },
    "HNHC": {
      "hit": 3737,
      "non-hit": 23185,
      "total": 26922,
      "hitPerc": 0.1388084095,
      "totPerc": 0.4273876048,
      "Ehits": 2706.2183134366
    }
  }
}